"Дата";"Заражений";"Выздоровлений";"Смертей";"Смертей за день";"Заражений за день";"Выздоровлений за день";"Заражений за день";"Смертей за день"
21.01.2022;10987774;9975052;324752;692;49513;24719;49513;692
24.08.2022;19221602;18370612;383758;72;40231;32876;40231;72
15.03.2022;17412919;15704022;361902;558;36678;118372;36678;558
31.08.2022;19528969;18596634;384346;92;46321;39054;46321;92
18.12.2020;2791220;2228633;49762;611;28552;26093;28552;611
27.10.2021;8352601;7242735;233898;1123;36582;29151;36582;1123
03.11.2020;1673686;1251364;28828;355;18648;15331;18648;355
26.09.2021;7420913;6604604;203900;805;22498;13671;22498;805
26.11.2020;2187990;1685492;38062;524;25487;25073;25487;524
06.11.2021;8755930;7535172;245635;1188;41335;29201;41335;1188
25.11.2020;2162503;1660419;37538;507;23675;25748;23675;507
16.09.2021;7214520;6452398;195835;794;19594;17326;19594;794
04.02.2022;12452765;10449181;334039;682;168201;58449;168201;682
06.08.2022;18692396;18030626;382697;46;19974;10743;19974;46
01.03.2022;16495369;13748465;352446;786;97333;172813;97333;786
18.09.2022;20439095;19387036;386045;101;56751;42198;56751;101
14.01.2022;10747125;9809300;319911;739;23820;24952;23820;739
07.11.2022;21468271;20860277;390649;61;4421;4944;4421;61
14.11.2021;9070674;7784585;255386;1219;38823;29821;38823;1219
23.10.2022;21372935;20719106;389537;88;8672;10578;8672;88
10.01.2021;3401954;2778889;61837;456;22851;24080;22851;456
28.07.2021;6195232;5547529;156178;798;22420;20579;22420;798
16.02.2021;4099323;3624663;80979;459;13233;17627;13233;459
20.08.2021;6705523;5983405;174485;785;20992;20351;20992;785
24.01.2021;3719400;3131760;69462;491;21127;22445;21127;491
10.07.2021;5758300;5182837;142253;752;25082;17750;25082;752
02.02.2021;3884730;3340545;74158;539;16643;22372;16643;539
07.09.2021;7047880;6302250;188785;795;17425;17243;17425;795
23.12.2021;10318650;9139166;301271;1002;25667;41645;25667;1002
17.11.2022;21520021;20925972;391273;61;5680;6735;5680;61
06.12.2021;9833749;8530476;282462;1184;32136;28070;32136;1184
13.10.2022;21264080;20531754;388610;101;15477;30793;15477;101
20.06.2020;576952;334592;8002;161;7889;10186;7889;161
29.05.2021;5053748;4670484;120807;401;9289;9250;9289;401
20.08.2020;942106;755513;16099;110;4785;6090;4785;110
13.06.2021;5208687;4801335;126430;357;14723;9166;14723;357
26.04.2020;80949;6767;743;62;6361;517;6361;62
13.07.2022;18472239;17897428;381711;42;3929;3363;3929;42
06.06.2022;18355200;17767753;379584;64;3349;3492;3349;64
22.12.2022;21743302;21140943;393220;54;7451;9243;7451;54
08.06.2020;476658;230688;5971;112;8985;3957;8985;112
14.05.2020;252245;53530;2305;93;9974;5527;9974;93
29.06.2022;18427133;17854962;381056;54;3028;3680;3028;54
20.06.2022;18400927;17825397;380517;54;2667;2723;2667;54
04.12.2022;21617601;21018980;392231;55;6598;4589;6598;55
21.05.2020;317554;92681;3099;127;8849;7289;8849;127
12.07.2020;727162;501061;11335;130;6615;3615;6615;130
19.05.2021;4965676;4581787;116965;390;7920;9561;7920;390
29.07.2020;828990;620333;13673;169;5475;8116;5475;169
23.06.2021;5368513;4902110;130895;548;17594;12660;17594;548
19.10.2020;1415316;1075904;24366;179;15982;5328;15982;179
06.04.2021;4597868;4220035;101106;389;8328;8902;8328;389
27.08.2020;975576;792561;16804;121;4711;6411;4711;121
30.03.2021;4536820;4155996;98442;409;8277;9588;8277;409
01.04.2020;2777;190;24;7;440;69;440;7
30.03.2022;17823648;16788291;368377;352;20145;51085;20145;352
14.05.2022;18255337;17640979;377571;107;5047;7378;5047;107
22.03.2020;367;16;0;0;61;0;61;0
21.04.2022;18110861;17437610;374368;197;8875;14182;8875;197
22.04.2022;18119862;17451090;374563;195;9001;13480;9001;195
05.10.2020;1225889;982324;21475;117;10888;3181;10888;117
24.04.2021;4753789;4380468;107900;399;8828;9254;8828;399
10.09.2020;1046370;862373;18263;128;5363;5915;5363;128
12.03.2021;4370617;3973029;91220;486;9794;13496;9794;486
02.10.2022;21049027;20140608;387468;96;30085;46992;30085;96
09.12.2021;9925806;8637861;286004;1181;30209;35794;30209;1181
28.11.2022;21579812;20986290;391890;50;5048;4262;5048;50
20.12.2021;10241812;9014980;298222;1019;27022;30059;27022;1019
25.08.2021;6804910;6073157;178423;809;19536;19654;19536;809
07.02.2021;3967281;3456210;76661;432;16048;19884;16048;432
23.07.2021;6078522;5450004;152296;795;23811;22547;23811;795
19.01.2021;3612800;3002026;66623;586;21734;23262;21734;586
15.08.2021;6600836;5884316;170499;816;21624;16426;21624;816
01.03.2021;4257650;3823074;86455;333;11571;11277;11571;333
02.08.2021;6312185;5640783;160137;785;23508;14893;23508;785
28.12.2020;3078035;2471309;55265;487;27787;20480;27787;487
20.10.2022;21345154;20677821;389266;90;10067;18352;10067;90
25.11.2021;9468189;8164826;269057;1238;33796;38450;33796;1238
10.11.2022;21483520;20884515;390835;61;5594;7623;5594;61
03.01.2022;10554309;9548076;311353;835;16343;24037;16343;835
21.09.2022;20588102;19537543;386341;107;53045;59718;53045;107
18.02.2022;15020573;12026844;343957;784;180071;198369;180071;784
03.08.2022;18636741;18000314;382560;43;14638;10266;14638;43
15.02.2022;14480596;11470925;341635;704;166631;137881;166631;704
21.09.2021;7313851;6526111;199808;812;19179;15437;19179;812
12.11.2020;1858568;1388168;32032;439;21608;18811;21608;439
01.11.2021;8554192;7381726;239693;1155;40402;23187;40402;1155
09.12.2020;2541199;2007792;44718;559;26190;26266;26190;559
09.10.2021;7746718;6840845;215453;968;29362;21049;29362;968
29.10.2020;1581693;1186041;27301;366;17717;14740;17717;366
14.10.2021;7892980;6937756;220314;985;31299;21670;31299;985
23.12.2020;2933753;2343967;52461;549;27250;24447;27250;549
11.09.2022;20066610;19061006;385348;86;52829;37288;52829;86
12.03.2022;17290197;15351778;360215;630;48154;156851;48154;630
13.08.2022;18852976;18121135;383071;60;28694;16874;28694;60
24.01.2022;11173300;10045336;326767;655;65109;21714;65109;655
09.03.2021;4342474;3932177;89809;336;9445;9931;9445;336
21.09.2020;1109595;911973;19489;71;6196;2616;6196;71
27.04.2021;4779425;4402678;108980;392;8053;8039;8053;392
24.09.2020;1128836;929829;19948;149;6595;6130;6595;149
05.05.2022;18211178;17578659;376560;139;5011;8723;5011;139
08.04.2022;17969431;17143630;371169;280;14311;37684;14311;280
25.03.2020;658;29;2;2;163;7;163;2
19.05.2022;18278617;17670628;378072;97;4927;5952;4927;97
25.03.2022;17715390;16545758;366618;398;25382;61860;25382;398
12.04.2020;15759;1291;130;24;2175;246;2175;24
19.03.2021;4437938;4049373;94267;443;9699;12337;9699;443
30.08.2020;990326;806982;17093;68;4980;2599;4980;68
17.04.2021;4693469;4319389;105193;398;9321;8832;9321;398
16.10.2020;1369313;1056582;23723;232;15150;8485;15150;232
04.07.2021;5610941;5068901;137925;663;25142;15484;25142;663
26.07.2020;812485;600250;13269;77;5765;3110;5765;77
08.05.2021;4871843;4488615;112992;370;8329;8255;8329;370
15.07.2020;746369;523249;11770;156;6422;10424;6422;156
01.06.2020;414878;175877;4855;162;9035;3994;9035;162
17.12.2022;21708852;21103330;392949;58;7531;7269;7531;58
15.06.2022;18385098;17806097;380203;66;2718;4528;2718;66
04.07.2022;18442625;17869964;381306;43;2866;2276;2866;43
03.05.2020;134687;16639;1280;58;10633;1626;10633;58
11.06.2020;502436;261150;6532;174;8779;8367;8779;174
27.12.2022;21774824;21176667;393492;59;5197;7692;5197;59
24.05.2022;18301393;17700372;378516;90;3785;6352;3785;90
09.01.2023;21829736;21248549;394121;41;2754;2990;2754;41
26.07.2022;18545009;17948330;382236;47;6183;5422;6183;47
23.04.2020;62773;4891;555;42;4774;471;4774;42
16.06.2021;5249990;4828500;127576;396;13397;10256;13397;396
09.08.2020;887536;693422;14931;77;5189;3215;5189;77
26.05.2021;5026168;4642090;119600;406;8373;9135;8373;406
01.07.2020;654405;422931;9536;216;6556;10281;6556;216
22.07.2022;18517779;17929059;382080;41;6659;4687;6659;41
05.01.2023;21817113;21232717;393945;47;3274;4719;3274;47
19.04.2020;42853;3291;361;48;6060;234;6060;48
15.06.2020;537210;284539;7091;143;8246;4489;8246;143
28.05.2022;18319848;17725440;378870;86;4556;5844;4556;86
31.12.2022;21798509;21207802;393712;58;5527;7515;5527;58
27.06.2020;627646;393352;8969;188;6852;9200;6852;188
22.05.2021;4992554;4610465;118125;386;8709;9345;8709;386
13.08.2020;907758;716396;15384;124;5057;6098;5057;124
20.06.2021;5316826;4869972;129361;450;17611;8629;17611;450
19.07.2020;771546;550344;12342;95;6109;3481;6109;95
12.05.2021;4905059;4518529;114331;355;8217;8614;8217;355
22.07.2020;789190;572053;12745;165;5862;9669;5862;165
30.06.2021;5514599;5000393;135214;669;21042;16356;21042;669
08.07.2022;18455274;17882978;381499;49;3464;2787;3464;49
07.05.2020;177160;23803;1625;88;11231;2476;11231;88
28.05.2020;379051;150993;4142;174;8371;8785;8371;174
11.06.2022;18373184;17791081;379955;72;3627;4827;3627;72
13.12.2022;21677505;21073454;392720;59;5977;6838;5977;59
21.03.2022;17611401;16271880;364901;409;28709;61938;28709;409
08.04.2020;8672;580;63;5;1175;86;1175;5
23.05.2022;18297608;17694020;378426;76;4158;5117;4158;76
12.10.2020;1312310;1024235;22722;125;13592;3793;13592;125
13.04.2021;4657883;4281776;103601;338;8173;9611;8173;338
03.09.2020;1009995;826935;17528;114;4995;5766;4995;114
23.03.2021;4474610;4088045;95818;427;8457;10860;8457;427
28.09.2020;1159573;945920;20385;61;8135;2702;8135;61
01.05.2021;4814558;4436583;110520;392;9270;8637;9270;392
17.09.2020;1085281;895868;19061;144;5762;5754;5762;144
05.03.2021;4301159;3885321;88285;462;11024;15464;11024;462
12.04.2022;18018825;17271128;372245;281;10910;31271;10910;281
29.03.2020;1534;64;8;3;270;18;270;3
01.05.2022;18189401;17548718;376031;147;7047;8733;7047;147
27.12.2020;3050248;2450829;54778;552;28284;24390;28284;552
18.10.2021;8027012;7017055;224310;998;34325;16431;34325;998
25.10.2020;1513877;1138522;26050;229;16710;7704;16710;229
05.10.2021;7637427;6759059;211696;895;25110;18568;25110;895
28.01.2022;11502657;10159197;329443;673;98040;29506;98040;673
17.08.2022;18964246;18194750;383300;63;33106;22680;33106;63
08.03.2022;17081394;14802351;357601;649;66576;111756;66576;649
07.09.2022;19857571;18876316;384976;94;47958;52611;47958;94
11.02.2022;13731794;11021633;338813;722;203949;112236;203949;722
30.07.2022;18589221;17969342;382395;43;12248;6209;12248;43
22.02.2022;15657928;12657025;347031;796;135172;164293;135172;796
25.09.2022;20792921;19756507;386757;95;46758;45908;46758;95
05.12.2020;2431731;1916396;42684;508;28782;27644;28782;508
28.10.2021;8392697;7272053;235057;1159;40096;29318;40096;1159
16.11.2020;1948603;1453849;33489;303;22778;13864;22778;303
25.09.2021;7398415;6590933;203095;822;22041;16325;22041;822
01.01.2021;3186336;2580138;57555;536;27039;25798;27039;536
06.08.2021;6402564;5720353;163301;792;22660;20141;22660;792
25.02.2021;4212100;3767664;84876;446;11198;16102;11198;446
11.08.2021;6512859;5808777;167241;799;21571;20067;21571;799
07.01.2022;10618035;9645712;314604;787;16735;22035;16735;787
14.11.2022;21504530;20905977;391085;61;4578;4460;4578;61
21.11.2021;9331158;8024930;264095;1252;36970;32504;36970;1252
16.10.2022;21304554;20603845;388901;94;12354;18441;12354;94
16.12.2021;10131646;8876788;294024;1133;28486;37155;28486;1133
24.11.2022;21556766;20967429;391680;58;5784;6112;5784;58
13.12.2021;10046454;8769916;290604;1121;29558;28561;29558;1121
06.10.2022;21141674;20307569;387887;108;23045;41536;23045;108
15.01.2021;3520531;2909680;64495;555;24715;27636;24715;555
19.07.2021;5982766;5359995;149138;719;24633;18764;24633;719
11.02.2021;4027748;3538422;78687;553;15038;21961;15038;553
29.08.2021;6882827;6148250;181637;797;19286;16804;19286;797
26.04.2022;18151895;17495382;375237;176;7107;11899;7107;176
18.03.2020;147;5;0;0;33;0;33;0
17.04.2022;18074717;17376141;373500;233;10263;16496;10263;233
16.03.2021;4409438;4014220;92937;443;9393;10644;9393;443
14.09.2020;1068320;878700;18635;57;5509;2475;5509;57
20.04.2021;4718854;4343229;106307;379;8164;9631;8164;379
01.10.2020;1185231;964242;20891;169;8945;5985;8945;169
26.03.2021;4501859;4120161;97017;405;9167;10880;9167;405
23.08.2020;956749;770639;16383;73;4852;3162;4852;73
10.04.2021;4632688;4258279;102649;402;8704;9579;8704;402
23.10.2020;1480646;1119251;25525;283;17340;11263;17340;283
10.05.2022;18237227;17614371;377150;101;4531;5014;4531;101
05.04.2020;5389;355;45;2;658;22;658;2
03.04.2022;17896866;16965027;369708;304;16828;35695;16828;304
08.12.2022;21643194;21043426;392454;54;7430;6315;7430;54
24.06.2022;18412805;17839346;380776;65;3154;3225;3154;65
25.05.2020;353427;118798;3633;92;8946;5499;8946;92
10.05.2020;209688;34306;1915;88;11012;2390;11012;88
25.06.2022;18415877;17842800;380837;61;3072;3454;3072;61
27.06.2021;5451291;4956714;133282;599;20538;12728;20538;599
02.08.2020;850870;650173;14128;70;5427;3649;5427;70
15.05.2021;4931691;4547500;115480;364;8790;9866;8790;364
08.07.2020;700792;472511;10667;173;6562;8631;6562;173
09.06.2021;5156250;4761899;124895;399;10407;9814;10407;399
16.08.2020;922853;732968;15685;68;4969;3557;4969;68
02.06.2021;5090249;4702599;122267;394;8832;9020;8832;394
24.06.2020;606881;368822;8513;154;7176;12393;7176;154
18.12.2022;21716074;21109668;393000;51;7222;6338;7222;51
02.06.2022;18339776;17749960;379285;85;4262;4976;4262;85
04.06.2020;441108;204623;5384;169;8831;8666;8831;169
30.04.2020;106498;11619;1073;101;7099;1333;7099;101
17.07.2022;18490296;17908809;381881;46;4664;2483;4664;46
03.09.2021;6975174;6236738;185611;799;18856;18690;18856;799
29.01.2021;3813048;3255462;72185;534;19238;26204;19238;534
14.07.2021;5857002;5257483;145278;786;23827;21269;23827;786
28.01.2021;3793810;3229258;71651;575;19138;26775;19138;575
09.10.2022;21203332;20414224;388199;102;18819;28793;18819;102
02.12.2021;9703107;8400117;277640;1221;33389;35185;33389;1221
21.11.2022;21540891;20948088;391509;55;4662;4164;4662;55
27.12.2021;10415230;9293486;305155;937;23210;33715;23210;937
27.10.2022;21402209;20763904;389872;82;7849;12040;7849;82
18.11.2021;9219912;7919250;260335;1251;37374;36414;37374;1251
03.11.2022;21447518;20832520;390388;73;6375;9774;6375;73
10.01.2022;10666679;9706802;316904;741;15830;19890;15830;741
24.08.2021;6785374;6053503;177614;794;18833;18636;18833;794
20.02.2021;4151984;3697433;82876;480;12953;17484;12953;480
24.07.2021;6102469;5471956;153095;799;23947;21952;23947;799
06.01.2021;3308601;2685723;59951;445;24217;23055;24217;445
12.09.2021;7140070;6389657;192749;788;18554;14497;18554;788
21.11.2020;2064748;1577435;35778;467;24822;26021;24822;467
10.11.2021;8911713;7654161;250454;1239;38058;34565;38058;1239
30.11.2020;2295654;1778704;39895;368;26338;17247;26338;368
14.09.2022;20208878;19195104;385628;98;51735;50251;51735;98
25.02.2022;16052028;13139971;349365;787;123460;167310;123460;787
10.08.2022;18770657;18075720;382902;56;23771;14552;23771;56
08.02.2022;13147666;10706142;336721;698;165643;81188;165643;698
04.09.2022;19729423;18746698;384711;87;48042;35732;48042;87
19.03.2022;17551657;16135267;364058;495;32958;95558;32958;495
20.08.2022;19077674;18262350;383496;69;40010;24222;40010;69
17.01.2022;10834260;9878371;321990;670;30726;19756;30726;670
30.09.2021;7511026;6672767;207255;867;23888;18826;23888;867
07.11.2020;1753836;1312927;30251;364;20396;16803;20396;364
23.10.2021;8205983;7143137;229528;1075;37678;26077;37678;1075
14.12.2020;2681256;2124797;47391;450;27328;18562;27328;450
22.09.2022;20641559;19594562;386447;106;53457;57019;53457;106
17.02.2022;14840502;11828475;343173;790;180622;185082;180622;790
02.08.2022;18622103;17990048;382517;48;9560;8573;9560;48
16.02.2022;14659880;11643393;342383;748;179284;172468;179284;748
20.09.2021;7294672;6510674;198996;778;19744;11992;19744;778
13.11.2020;1880551;1406903;32443;411;21983;18735;21983;411
02.11.2021;8593200;7412631;240871;1178;39008;30905;39008;1178
08.12.2020;2515009;1981526;44159;562;26097;24938;26097;562
08.10.2021;7717356;6819796;214485;936;27246;20566;27246;936
30.10.2020;1599976;1200560;27656;355;18283;14519;18283;355
15.10.2021;7925176;6960024;221313;999;32196;22268;32196;999
22.12.2020;2906503;2319520;51912;561;28776;24158;28776;561
12.09.2022;20113098;19096666;385429;81;46488;35660;46488;81
11.03.2022;17242043;15194927;359585;674;50743;151210;50743;674
12.08.2022;18824282;18104261;383011;57;27810;14320;27810;57
25.01.2022;11241109;10071740;327448;681;67809;26404;67809;681
01.10.2022;21018942;20093616;387372;103;33186;52628;33186;103
10.12.2021;9956679;8673518;287180;1176;30873;35657;30873;1176
29.11.2022;21584740;20992153;391943;53;4928;5863;4928;53
19.12.2021;10214790;8984921;297203;1023;27967;32655;27967;1023
26.08.2021;6824540;6092818;179243;820;19630;19661;19630;820
06.02.2021;3951233;3436326;76229;497;16627;22831;16627;497
22.07.2021;6054711;5427457;151501;796;24471;22660;24471;796
20.01.2021;3633952;3027316;67220;597;21152;25290;21152;597
16.08.2021;6621601;5899917;171305;806;20765;15601;20765;806
28.02.2021;4246079;3811797;86122;379;11359;12391;11359;379
01.08.2021;6288677;5625890;159352;789;22804;17271;22804;789
29.12.2020;3105037;2496183;55827;562;27002;24874;27002;562
19.10.2022;21335087;20659469;389176;92;10656;20859;10656;92
26.11.2021;9502879;8200971;270292;1235;34690;36145;34690;1235
11.11.2022;21489074;20890728;390902;67;5554;6213;5554;67
02.01.2022;10537966;9524039;310518;811;18233;26976;18233;811
05.07.2021;5635294;5083441;138579;654;24353;14540;24353;654
25.07.2020;806720;597140;13192;146;5871;8366;5871;146
07.05.2021;4863514;4480360;112622;376;8386;8022;8386;376
16.07.2020;752797;531692;11937;167;6428;8443;6428;167
16.12.2022;21701321;21096061;392891;59;8451;7393;8451;59
16.06.2022;18388424;17810796;380270;67;3326;4699;3326;67
02.06.2020;423741;186985;5037;182;8863;11108;8863;182
02.05.2020;124054;15013;1222;57;9623;1793;9623;57
03.07.2022;18439759;17867688;381263;47;3080;2595;3080;47
26.12.2022;21769627;21168975;393433;50;5335;5577;5335;50
25.05.2022;18305973;17707077;378609;93;4580;6705;4580;93
12.06.2020;511423;269370;6715;183;8987;8220;8987;183
22.04.2020;57999;4420;513;57;5236;547;5236;57
10.01.2023;21832768;21253611;394168;47;3032;5062;3032;47
25.07.2022;18538826;17942908;382189;34;6571;4234;6571;34
17.06.2021;5264047;4839705;127992;416;14057;11205;14057;416
08.08.2020;882347;690207;14854;129;5212;6615;5212;129
25.05.2021;5017795;4632955;119194;393;7884;8743;7884;393
02.07.2020;661165;428978;9683;147;6760;6047;6760;147
08.03.2021;4333029;3922246;89473;379;10253;10322;10253;379
22.09.2020;1115810;917949;19649;160;6215;5976;6215;160
28.04.2021;4787273;4411098;109367;387;7848;8420;7848;387
23.09.2020;1122241;923699;19799;150;6431;5750;6431;150
04.05.2022;18206167;17569936;376421;129;5093;6664;5093;129
26.03.2020;840;35;2;0;182;6;182;0
09.04.2022;17983004;17183730;371457;288;13573;40100;13573;288
18.05.2022;18273690;17664676;377975;106;4732;6134;4732;106
13.04.2020;18328;1470;148;18;2569;179;2569;18
26.03.2022;17739462;16606691;367013;395;24072;60933;24072;395
18.03.2021;4428239;4037036;93824;460;9803;12061;9803;460
31.08.2020;995319;809387;17176;83;4993;2405;4993;83
18.04.2021;4702101;4326780;105582;389;8632;7391;8632;389
15.10.2020;1354163;1048097;23491;286;13754;8392;13754;286
15.01.2022;10774304;9835884;320634;723;27179;26584;27179;723
06.11.2022;21463850;20855333;390588;62;4566;5735;4566;62
13.11.2021;9031851;7754764;254167;1241;39256;33802;39256;1241
24.10.2022;21380264;20727435;389626;89;7329;8329;7329;89
09.01.2021;3379103;2754809;61381;470;23309;23680;23309;470
29.07.2021;6218502;5568363;156977;799;23270;20834;23270;799
17.02.2021;4112151;3642582;81446;467;12828;17919;12828;467
19.08.2021;6684531;5963054;173700;791;21058;24017;21058;791
23.01.2021;3698273;3109315;68971;559;20921;27779;20921;559
11.07.2021;5783333;5200219;143002;749;25033;17382;25033;749
03.02.2021;3901204;3365367;74684;526;16474;24822;16474;526
06.09.2021;7030455;6285007;187990;790;17856;14276;17856;790
24.12.2021;10343353;9180379;302269;998;24703;41213;24703;998
16.11.2022;21514341;20919237;391212;63;5380;6906;5380;63
05.12.2021;9801613;8502406;281278;1206;32602;30593;32602;1206
14.10.2022;21278816;20559274;388709;99;14736;27520;14736;99
20.01.2022;10938261;9950333;324060;684;38850;24478;38850;684
25.08.2022;19265521;18401387;383829;71;43919;30775;43919;71
16.03.2022;17449438;15822031;362478;576;36519;118009;36519;576
30.08.2022;19482648;18557580;384254;94;37067;36729;37067;94
19.12.2020;2819429;2254742;50347;585;28209;26109;28209;585
26.10.2021;8316019;7213584;232775;1106;36446;26973;36446;1106
02.11.2020;1655038;1236033;28473;238;18257;10360;18257;238
27.09.2021;7443149;6618117;204679;779;22236;13513;22236;779
27.11.2020;2215533;1712174;38558;496;27543;26682;27543;496
05.11.2021;8714595;7505971;244447;1192;40735;28605;40735;1192
24.11.2020;2138828;1634671;37031;491;24326;23226;24326;491
17.09.2021;7234425;6469017;196626;791;19905;16619;19905;791
03.02.2022;12284564;10390732;333357;667;155768;53724;155768;667
07.08.2022;18712699;18039355;382741;44;20303;8729;20303;44
02.03.2022;16592824;13931995;353230;784;97455;183530;97455;784
17.09.2022;20382344;19344838;385944;107;58305;49962;58305;107
20.10.2020;1431635;1085608;24635;269;16319;9704;16319;269
05.04.2021;4589540;4211133;100717;343;8646;7052;8646;343
26.08.2020;970865;786150;16683;115;4676;6403;4676;115
31.03.2021;4545095;4166172;98850;408;8275;10176;8275;408
29.03.2022;17803503;16737206;368025;339;19660;47229;19660;339
31.03.2020;2337;121;17;8;501;55;501;8
15.05.2022;18260293;17647179;377670;99;4956;6200;4956;99
20.04.2022;18101986;17423428;374171;223;9195;16200;9195;223
21.03.2020;306;16;0;0;53;4;53;0
23.04.2022;18128691;17464120;374734;171;8829;13030;8829;171
06.10.2020;1237504;988576;21663;188;11615;6252;11615;188
23.04.2021;4744961;4371214;107501;398;8840;9407;8840;398
09.09.2020;1041007;856458;18135;142;5218;6409;5218;142
13.03.2021;4380525;3985897;91695;475;9908;12868;9908;475
19.06.2020;569063;324406;7841;181;7972;10443;7972;181
30.05.2021;5063442;4677870;121162;355;9694;7386;9694;355
21.08.2020;946976;761330;16189;90;4870;5817;4870;90
12.06.2021;5193964;4792169;126073;399;13510;9986;13510;399
14.07.2022;18476477;17900518;381754;43;4238;3090;4238;43
13.01.2023;21846722;21267545;394309;47;5078;4271;5078;47
27.04.2020;87147;7346;793;50;6198;579;6198;50
07.06.2020;467673;226731;5859;134;8984;5343;8984;134
05.06.2022;18351851;17764261;379520;75;3786;3935;3786;75
23.12.2022;21750711;21149218;393277;57;7409;8275;7409;57
30.06.2022;18430239;17858217;381112;56;3106;3255;3106;56
15.05.2020;262843;58226;2418;113;10598;4696;10598;113
20.05.2020;308705;85392;2972;135;8764;9262;8764;135
19.06.2022;18398260;17822674;380463;62;3081;3279;3081;62
05.12.2022;21623268;21023627;392283;52;5667;4647;5667;52
11.07.2020;720547;497446;11205;188;6611;8378;6611;188
20.05.2021;4974908;4591770;117350;385;9232;9983;9232;385
30.07.2020;834499;629655;13802;129;5509;9322;5509;129
22.06.2021;5350919;4889450;130347;546;16715;11117;16715;546
24.05.2020;344481;113299;3541;153;8599;5363;8599;153
09.12.2022;21650659;21049420;392506;52;7465;5994;7465;52
23.06.2022;18409651;17836121;380711;68;3166;3517;3166;68
26.06.2022;18418881;17845513;380892;55;3004;2713;3004;55
11.05.2020;221344;39801;2009;94;11656;5495;11656;94
26.06.2021;5430753;4943986;132683;619;21665;14347;21665;619
03.08.2020;856264;653593;14207;79;5394;3420;5394;79
16.05.2021;4940245;4556073;115871;391;8554;8573;8554;391
07.07.2020;694230;463880;10494;198;6368;9551;6368;198
08.06.2021;5145843;4752085;124496;379;9977;8883;9977;379
17.08.2020;927745;736101;15740;55;4892;3133;4892;55
03.06.2021;5099182;4711982;122660;393;8933;9383;8933;393
23.06.2020;599705;356429;8359;153;7425;12013;7425;153
03.06.2020;432277;195957;5215;178;8536;8972;8536;178
19.12.2022;21722415;21115232;393050;50;6341;5564;6341;50
01.06.2022;18335514;17744984;379200;83;4151;5628;4151;83
18.07.2022;18494844;17911340;381916;35;4548;2531;4548;35
01.05.2020;114431;13220;1165;92;7933;1601;7933;92
12.03.2020;34;0;0;0;34;0;34;0
27.04.2022;18159600;17506859;375400;163;7705;11477;7705;163
16.04.2022;18064454;17359645;373267;240;11095;19006;11095;240
17.03.2020;114;5;0;0;23;0;23;0
17.03.2021;4418436;4024975;93364;427;8998;10755;8998;427
13.09.2020;1062811;876225;18578;94;5449;2690;5449;94
19.04.2021;4710690;4333598;105928;346;8589;6818;8589;346
02.10.2020;1194643;970296;21077;186;9412;6054;9412;186
27.03.2021;4510744;4130498;97404;387;8885;10337;8885;387
22.08.2020;951897;767477;16310;121;4921;6147;4921;121
09.04.2021;4623984;4248700;102247;402;9150;9662;9150;402
24.10.2020;1497167;1130818;25821;296;16521;11567;16521;296
11.05.2022;18241329;17619414;377248;98;4102;5043;4102;98
02.04.2022;17880038;16929332;369404;340;17949;44547;17949;340
04.04.2020;4731;333;43;9;582;52;582;9
13.09.2021;7158248;6402126;193468;719;18178;12469;18178;719
20.11.2020;2039926;1551414;35311;461;24318;24758;24318;461
09.11.2021;8873655;7619596;249215;1211;39160;32036;39160;1211
01.12.2020;2322056;1803467;40464;569;26402;24763;26402;569
13.09.2022;20157143;19144853;385530;101;44045;48187;44045;101
26.02.2022;16175023;13321314;350158;793;122995;181343;122995;793
11.08.2022;18796472;18089941;382954;52;25815;14221;25815;52
07.02.2022;12982023;10624954;336023;609;171905;55683;171905;609
03.09.2022;19681381;18710966;384624;92;51699;38380;51699;92
20.03.2022;17582692;16209942;364492;434;31035;74675;31035;434
21.08.2022;19117343;18284586;383560;64;39669;22236;39669;64
16.01.2022;10803534;9858615;321320;686;29230;22731;29230;686
01.10.2021;7535548;6692722;208142;887;24522;19955;24522;887
06.11.2020;1733440;1296124;29887;378;20582;16955;20582;378
22.10.2021;8168305;7117060;228453;1064;37141;25453;37141;1064
15.12.2020;2707945;2149610;47968;577;26689;24813;26689;577
02.09.2021;6956318;6218048;184812;798;18985;18669;18985;798
30.01.2021;3832080;3279964;72697;512;19032;24502;19032;512
15.07.2021;5882295;5278976;146069;791;25293;21493;25293;791
27.01.2021;3774672;3202483;71076;594;17741;27922;17741;594
10.10.2022;21218993;20439043;388295;96;15661;24819;15661;96
01.12.2021;9669718;8364932;276419;1226;32837;35679;32837;1226
20.11.2022;21536229;20943924;391454;59;5217;4443;5217;59
28.12.2021;10437152;9337447;306090;935;21922;43961;21922;935
28.10.2022;21409815;20775589;389950;78;7606;11685;7606;78
17.11.2021;9182538;7882836;259084;1247;36626;36388;36626;1247
02.11.2022;21441143;20822746;390315;68;6385;10241;6385;68
11.01.2022;10684204;9732018;317687;783;17525;25216;17525;783
23.08.2021;6766541;6034867;176820;776;19454;15401;19454;776
21.02.2021;4164726;3713445;83293;417;12742;16012;12742;417
25.07.2021;6126541;5490634;153874;779;24072;18678;24072;779
05.01.2021;3284384;2662668;59506;518;24246;22632;24246;518
09.04.2020;10131;698;76;13;1459;118;1459;13
22.03.2022;17637795;16346800;365373;472;26394;74920;26394;472
22.05.2022;18293450;17688903;378350;80;4710;5814;4710;80
11.10.2020;1298718;1020442;22597;149;13634;4240;13634;149
14.04.2021;4666209;4291223;104000;399;8326;9447;8326;399
04.09.2020;1015105;832747;17649;121;5110;5812;5110;121
22.03.2021;4466153;4077185;95391;361;9284;7790;9284;361
27.09.2020;1151438;943218;20324;99;7867;3068;7867;99
02.05.2021;4823255;4443922;110862;342;8697;7339;8697;342
18.09.2020;1091186;901207;19195;134;5905;5339;5905;134
04.03.2021;4290135;3869857;87823;475;11385;16123;11385;475
30.03.2020;1836;66;9;1;302;2;302;1
13.04.2022;18030579;17299263;372512;267;11754;28135;11754;267
30.04.2022;18182354;17539985;375884;157;7363;11022;7363;157
18.04.2020;36793;3057;313;40;4785;467;4785;40
21.07.2022;18511120;17924372;382039;42;6391;4529;6391;42
06.01.2023;21820552;21237402;393986;41;3439;4685;3439;41
29.05.2022;18324036;17729851;378955;85;4188;4411;4188;85
30.12.2022;21792982;21200287;393654;50;5810;7695;5810;50
16.06.2020;545458;294306;7284;193;8248;9767;8248;193
28.06.2020;634437;399087;9073;104;6791;5735;6791;104
21.05.2021;4983845;4601120;117739;389;8937;9350;8937;389
12.08.2020;902701;710298;15260;129;5102;7123;5102;129
21.06.2021;5334204;4878333;129801;440;17378;8361;17378;440
20.07.2020;777486;553602;12427;85;5940;3258;5940;85
11.05.2021;4896842;4509915;113976;329;8115;7009;8115;329
21.07.2020;783328;562384;12580;153;5842;8782;5842;153
01.07.2021;5538142;5017321;135886;672;23543;16928;23543;672
06.05.2020;165929;21327;1537;86;10559;1462;10559;86
07.07.2022;18451810;17880191;381450;52;3359;3178;3359;52
12.06.2022;18376587;17794561;380020;65;3403;3480;3403;65
12.12.2022;21671528;21066616;392661;50;6376;5032;6376;50
29.05.2020;387623;159257;4374;232;8572;8264;8572;232
02.01.2021;3212637;2599035;58002;447;26301;18897;26301;447
05.08.2021;6379904;5700212;162509;794;23120;20370;23120;794
24.02.2021;4200902;3751562;84430;383;11749;12218;11749;383
12.08.2021;6534791;5828972;168049;808;21932;20195;21932;808
06.01.2022;10601300;9623677;313817;802;15316;22949;15316;802
15.11.2022;21508961;20912331;391149;64;4431;6354;4431;64
22.11.2021;9366839;8053643;265336;1241;35681;28713;35681;1241
15.10.2022;21292200;20585404;388807;98;13384;26130;13384;98
15.12.2021;10103160;8839633;292891;1142;28363;35633;28363;1142
25.11.2022;21562758;20972766;391736;56;5992;5337;5992;56
14.12.2021;10074797;8804000;291749;1145;28343;34084;28343;1145
05.10.2022;21118629;20266033;387779;113;23757;44694;23757;113
16.01.2021;3544623;2936991;65085;590;24092;27311;24092;590
18.07.2021;5958133;5341231;148419;764;25018;18886;25018;764
10.02.2021;4012710;3516461;78134;536;14494;22575;14494;536
30.08.2021;6901152;6162430;182429;792;18325;14180;18325;792
26.12.2020;3021964;2426439;54226;567;29258;28185;29258;567
19.10.2021;8060752;7040481;225325;1015;33740;23426;33740;1015
26.10.2020;1531224;1146096;26269;219;17347;7574;17347;219
04.10.2021;7612317;6740491;210801;883;25781;14526;25781;883
29.01.2022;11615779;10189207;330111;668;113122;30010;113122;668
16.08.2022;18931140;18172070;383237;59;23909;20583;23909;59
07.03.2022;17014818;14690595;356952;671;73162;122619;73162;671
08.09.2022;19908189;18926609;385069;93;50618;50293;50618;93
12.02.2022;13935560;11134291;339542;729;203766;112658;203766;729
29.07.2022;18576973;17963133;382352;39;11422;4670;11422;39
21.02.2022;15522756;12492732;346235;735;152337;127494;152337;735
26.09.2022;20833109;19800764;386842;85;40188;44257;40188;85
04.12.2020;2402949;1888752;42176;569;27403;28901;27403;569
29.10.2021;8432546;7302515;236220;1163;39849;30462;39849;1163
17.11.2020;1971013;1475904;33931;442;22410;22055;22410;442
24.09.2021;7376374;6574608;202273;828;21379;15828;21379;828
27.10.2020;1547774;1158940;26589;320;16550;12844;16550;320
07.10.2021;7690110;6799230;213549;924;27550;20330;27550;924
25.12.2020;2992706;2398254;53659;563;29018;27397;29018;563
16.10.2021;7958384;6981907;222315;1002;33208;21883;33208;1002
06.03.2022;16941656;14567976;356281;744;79863;149060;79863;744
05.09.2022;19771113;18777401;384787;76;41690;30703;41690;76
30.01.2022;11737007;10218151;330728;617;121228;28944;121228;617
19.08.2022;19037664;18238128;383427;65;37609;21887;37609;65
24.02.2022;15928568;12972661;348578;762;132998;136433;132998;762
27.09.2022;20869714;19860311;386943;101;36605;59547;36605;101
09.02.2022;13330769;10803305;337390;669;183103;97163;183103;669
28.07.2022;18565551;17958463;382313;41;11515;5018;11515;41
14.11.2020;1903253;1425529;32834;391;22702;18626;22702;391
23.09.2021;7354995;6558780;201445;820;21438;16567;21438;820
07.12.2020;2488912;1956588;43597;456;28142;18850;28142;456
30.10.2021;8472797;7331424;237380;1160;40251;28909;40251;1160
23.02.2021;4189153;3739344;84047;417;11823;12956;11823;417
09.08.2021;6469910;5769981;165650;769;22160;14474;22160;769
03.01.2021;3236787;2618882;58506;504;24150;19847;24150;504
08.08.2021;6447750;5755507;164881;787;22866;15669;22866;787
23.11.2021;9400835;8089694;266579;1243;33996;36051;33996;1243
18.10.2022;21324431;20638610;389084;91;9474;20252;9474;91
05.01.2022;10585984;9600728;313015;828;15772;25581;15772;828
12.11.2022;21494588;20896445;390964;62;5514;5717;5514;62
11.12.2021;9986967;8709964;288351;1171;30288;36446;30288;1171
04.10.2022;21094872;20221339;387666;107;21687;45437;21687;107
18.12.2021;10186823;8952266;296180;1076;27434;38041;27434;1076
26.11.2022;21568846;20977854;391789;53;6088;5088;6088;53
13.02.2021;4057698;3577907;79696;502;14861;18765;14861;502
31.08.2021;6918965;6181054;183224;795;17813;18624;17813;795
13.01.2021;3471053;2854088;63370;566;22850;28658;22850;566
17.07.2021;5933115;5322345;147655;787;25116;21437;25116;787
30.05.2022;18327837;17733870;379029;74;3801;4019;3801;74
02.01.2023;21807431;21217574;393805;43;3884;4489;3884;43
17.06.2020;553301;304342;7478;194;7843;10036;7843;194
17.04.2020;32008;2590;273;41;4070;286;4070;41
20.07.2022;18504729;17919843;381997;37;5685;4317;5685;37
03.01.2023;21810511;21223056;393853;48;3080;5482;3080;48
11.08.2020;897599;703175;15131;130;4945;6494;4945;130
18.06.2021;5281309;4850659;128445;453;17262;10954;17262;453
29.06.2020;641156;403430;9166;93;6719;4343;6719;93
24.05.2021;5009911;4624212;118801;319;8406;6450;8406;319
24.07.2020;800849;588774;13046;154;5811;8444;5811;154
02.07.2021;5561360;5035518;136565;679;23218;18197;23218;679
17.07.2020;759203;539373;12123;186;6406;7681;6406;186
10.05.2021;4888727;4502906;113647;321;8465;6774;8465;321
09.06.2022;18365879;17781922;379813;77;3774;4297;3774;77
11.12.2022;21665152;21061584;392611;51;7096;5718;7096;51
26.05.2020;362342;131129;3807;174;8915;12331;8915;174
09.05.2020;198676;31916;1827;104;10817;5308;10817;104
10.07.2022;18462211;17888560;381583;39;3398;2496;3398;39
21.05.2022;18288740;17683089;378270;102;5034;6288;5034;102
10.04.2020;11917;795;94;18;1786;97;1786;18
23.03.2022;17664621;16417422;365802;429;26826;70622;26826;429
05.09.2020;1020310;838126;17759;110;5205;5379;5205;110
25.03.2021;4492692;4109281;96612;393;9221;10881;9221;393
10.10.2020;1285084;1016202;22448;191;12846;6781;12846;191
11.04.2021;4641390;4265509;102986;337;8702;7230;8702;337
15.09.2020;1073849;884305;18785;150;5529;5605;5529;150
03.03.2021;4278750;3853734;87348;452;10535;15694;10535;452
30.09.2020;1176286;958257;20722;177;8481;5858;8481;177
03.05.2021;4831744;4450289;111198;336;8489;6367;8489;336
03.05.2022;18201074;17563272;376292;125;5466;7052;5466;125
27.03.2020;1036;42;3;1;196;7;196;1
10.04.2022;17996060;17213102;371716;259;13056;29372;13056;259
12.07.2021;5808473;5216648;143712;710;25140;16429;25140;710
26.01.2021;3756931;3174561;70482;564;18241;23798;18241;564
05.09.2021;7012599;6270731;187200;793;18645;15256;18645;793
31.01.2021;3850439;3300004;73182;485;18359;20040;18359;485
23.11.2022;21550982;20961317;391622;54;5631;6785;5631;54
29.12.2021;10458271;9380223;307022;932;21119;42776;21119;932
07.10.2022;21163942;20347142;387991;104;22268;39573;22268;104
30.11.2021;9636881;8329253;275193;1229;32648;33442;32648;1229
01.11.2022;21434758;20812505;390247;72;5252;9308;5252;72
08.01.2022;10634603;9666161;315400;796;16568;20449;16568;796
29.10.2022;21416922;20787116;390029;79;7107;11527;7107;79
20.11.2021;9294188;7992426;262843;1254;37120;36172;37120;1254
26.07.2021;6149780;5506834;154601;727;23239;16200;23239;727
08.01.2021;3355794;2731129;60911;454;23652;21677;23652;454
22.08.2021;6747087;6019466;176044;762;20564;15414;20564;762
18.02.2021;4125598;3661312;81926;480;13447;18730;13447;480
12.11.2021;8992595;7720962;252926;1235;40123;33645;40123;1235
02.12.2020;2347401;1830349;41053;589;25345;26882;25345;589
10.09.2021;7102625;6357272;191165;789;18341;17121;18341;789
19.11.2020;2015608;1526656;34850;463;23610;25573;23610;463
08.08.2022;18730561;18048076;382786;45;17862;8721;17862;45
06.02.2022;12810118;10569271;335414;661;180071;59583;180071;661
16.09.2022;20324039;19294876;385837;110;59035;50020;59035;110
27.02.2022;16291116;13458910;350927;769;116093;137596;116093;769
22.08.2022;19150404;18306867;383617;57;33061;22281;33061;57
19.01.2022;10899411;9925855;323376;698;33899;22920;33899;698
02.09.2022;19629682;18672586;384532;91;50952;37012;50952;91
17.03.2022;17484257;15934645;363039;561;34819;112614;34819;561
21.10.2021;8131164;7091607;227389;1036;36339;25895;36339;1036
12.12.2020;2625848;2085958;46453;560;28137;26118;28137;560
02.10.2021;7560767;6710574;209028;886;25219;17852;25219;886
09.11.2020;1796132;1335141;30793;256;21798;10722;21798;256
15.04.2022;18053359;17340639;373027;261;11432;19523;11432;261
16.03.2020;91;5;0;0;28;2;28;0
13.03.2020;45;0;0;0;11;0;11;0
28.04.2022;18167281;17517922;375566;166;7681;11063;7681;166
22.04.2021;4736121;4361807;107103;397;8996;8934;8996;397
03.10.2020;1204502;975859;21251;174;9859;5563;9859;174
14.03.2021;4390608;3995129;92090;395;10083;9232;10083;395
12.09.2020;1057362;873535;18484;119;5488;5428;5488;119
08.04.2021;4614834;4239038;101845;365;8672;9558;8672;365
21.10.2020;1447335;1096560;24952;317;15700;10952;15700;317
28.03.2021;4519832;4139128;97740;336;9088;8630;9088;336
25.08.2020;966189;779747;16568;120;4696;6652;4696;120
05.04.2022;17926104;17035336;370311;316;13947;37459;13947;316
07.04.2020;7497;494;58;11;1154;88;1154;11
08.05.2022;18227666;17603398;376946;118;5447;6682;5447;118
27.06.2022;18421564;17847868;380943;51;2683;2355;2683;51
12.05.2020;232243;43512;2116;107;10899;3711;10899;107
23.05.2020;335882;107936;3388;139;9434;8111;9434;139
06.12.2022;21628829;21030317;392342;59;5561;6690;5561;59
22.06.2022;18406485;17832604;380643;66;3058;3767;3058;66
13.05.2021;4913439;4527878;114723;392;8380;9349;8380;392
06.07.2020;687862;454329;10296;135;6611;3579;6611;135
29.06.2021;5493557;4984037;134545;652;20616;14697;20616;652
04.08.2020;861423;661471;14351;144;5159;7878;5159;144
04.06.2021;5108129;4720512;123037;377;8947;8530;8947;377
26.06.2020;620794;384152;8781;176;6800;8988;6800;176
07.06.2021;5135866;4743202;124117;330;9429;6756;9429;330
14.08.2020;912823;722964;15498;114;5065;6568;5065;114
15.07.2022;18480934;17903447;381794;40;4457;2929;4457;40
28.04.2020;93558;8456;864;71;6411;1110;6411;71
06.06.2020;458689;221388;5725;197;8855;8708;8855;197
20.12.2022;21728409;21123341;393107;57;5994;8109;5994;57
04.06.2022;18348065;17760326;379445;82;4101;5132;4101;82
18.08.2020;932493;742628;15872;132;4748;6527;4748;132
11.06.2021;5180454;4782183;125674;396;12505;10188;12505;396
22.06.2020;592280;344416;8206;95;7600;4705;7600;95
31.05.2021;5071917;4684585;121501;339;8475;6715;8475;339
10.06.2020;493657;252783;6358;216;8404;10386;8404;216
08.06.2022;18362105;17777625;379736;79;3646;4737;3646;79
24.12.2022;21757697;21157222;393331;54;6986;8004;6986;54
11.07.2022;18465308;17890856;381621;38;3097;2296;3097;38
12.01.2023;21841644;21263274;394262;48;4675;4541;4675;48
24.04.2020;68622;5568;615;60;5849;677;5849;60
19.05.2020;299941;76130;2837;115;9263;5921;9263;115
18.06.2022;18395179;17819395;380401;68;3382;4371;3382;68
02.12.2022;21604334;21009259;392117;57;6721;5684;6721;57
01.07.2022;18433394;17861605;381165;53;3155;3388;3155;53
16.05.2020;272043;63166;2537;119;9200;4940;9200;119
31.07.2020;839981;638410;13963;161;5482;8755;5482;161
25.06.2021;5409088;4929639;132064;601;20393;14024;20393;601
10.07.2020;713936;489068;11017;174;6635;7752;6635;174
17.05.2021;4949573;4563254;116211;340;9328;7181;9328;340
29.08.2020;985346;804383;17025;111;4941;5917;4941;111
01.04.2021;4554264;4176419;99233;383;9169;10247;9169;383
17.10.2020;1384235;1065199;24002;279;14922;8617;14922;279
04.04.2021;4580894;4204081;100374;357;8817;8212;8817;357
12.05.2022;18245394;17626344;377359;111;4065;6930;4065;111
01.04.2022;17862089;16884785;369064;342;19164;45998;19164;342
03.04.2020;4149;281;34;4;601;46;601;4
24.04.2022;18137137;17474628;374902;168;8446;10508;8446;168
19.04.2022;18092791;17407228;373948;235;8640;16763;8640;235
20.03.2020;253;12;0;0;54;7;54;0
08.09.2020;1035789;850049;17993;122;5099;6772;5099;122
10.03.2021;4351553;3945527;90275;466;9079;13350;9079;466
07.10.2020;1248619;995275;21865;202;11115;6699;11115;202
26.04.2021;4771372;4394639;108588;356;8803;6631;8803;356
13.03.2022;17335186;15480407;360811;596;44989;128629;44989;596
29.08.2022;19445581;18520851;384160;77;39658;24890;39658;77
23.01.2022;11108191;10023622;326112;679;63205;23045;63205;679
26.08.2022;19311973;18435096;383910;81;46452;33709;46452;81
05.11.2020;1712858;1279169;29509;292;19404;12238;19404;292
28.09.2021;7464708;6635485;205531;852;21559;17368;21559;852
16.12.2020;2734454;2176100;48564;596;26509;26490;26509;596
25.10.2021;8279573;7186611;231669;1069;37930;20690;37930;1069
23.11.2020;2114502;1611445;36540;361;25173;16002;25173;361
14.09.2021;7176085;6418033;194249;781;17837;15907;17837;781
28.11.2020;2242633;1739470;39068;510;27100;27296;27100;510
08.11.2021;8834495;7587560;248004;1190;39400;25582;39400;1190
03.03.2022;16685850;14102684;354011;781;93026;170689;93026;781
20.09.2022;20535057;19477825;386234;98;46474;52194;46474;98
02.02.2022;12128796;10337008;332690;678;141883;48426;141883;678
04.08.2022;18653867;18010066;382604;44;17126;9752;17126;44
16.11.2021;9145912;7846448;257837;1240;36818;34161;36818;1240
25.10.2022;21386842;20740347;389710;84;6578;12912;6578;84
12.01.2022;10702150;9758364;318432;745;17946;26346;17946;745
05.11.2022;21459284;20849598;390526;67;5617;7819;5617;67
14.02.2021;4071883;3593101;80126;430;14185;15194;14185;430
18.08.2021;6663473;5939037;172909;799;20914;20713;20914;799
12.01.2021;3448203;2825430;62804;531;22934;24755;22934;531
30.07.2021;6242066;5588848;157771;794;23564;20485;23564;794
04.02.2021;3917918;3389913;75205;521;16714;24546;16714;521
09.09.2021;7084284;6340151;190376;794;18380;19639;18380;794
22.01.2021;3677352;3081536;68412;580;21513;27318;21513;580
08.07.2021;5707452;5143255;140775;734;24818;21336;24818;734
04.12.2021;9769011;8471813;280072;1215;32974;35182;32974;1215
11.10.2022;21232963;20470552;388404;109;13970;31509;13970;109
25.12.2021;10368299;9222486;303250;981;24946;42107;24946;981
19.11.2022;21531012;20939481;391395;62;5445;6621;5445;62
29.04.2021;4796557;4419540;109731;364;9284;8442;9284;364
26.09.2020;1143571;940150;20225;169;7523;6004;7523;169
07.03.2021;4322776;3911924;89094;368;10595;11576;10595;368
19.09.2020;1097251;906462;19339;144;6065;5255;6065;144
23.03.2020;438;17;0;0;71;1;71;0
06.04.2022;17940765;17070642;370602;291;14661;35306;14661;291
07.05.2022;18222219;17596716;376828;132;5500;8649;5500;132
14.04.2020;21102;1694;170;22;2774;224;2774;22
27.03.2022;17762742;16654231;367351;338;23280;47540;23280;338
17.05.2022;18268958;17658542;377869;110;4122;5984;4122;110
15.04.2021;4675153;4301448;104398;398;8944;10225;8944;398
14.10.2020;1340409;1039705;23205;239;14231;7920;14231;239
21.03.2021;4456869;4069395;95030;371;9299;8743;9299;371
01.09.2020;1000048;815705;17299;123;4729;6318;4729;123
06.05.2021;4855128;4472338;112246;351;7639;7788;7639;351
13.07.2020;733699;504021;11439;104;6537;2960;6537;104
06.07.2021;5658672;5101852;139316;737;23378;18411;23378;737
28.07.2020;823515;612217;13504;150;5395;8888;5395;150
05.05.2020;155370;19865;1451;95;10102;1770;10102;95
06.07.2022;18448451;17877013;381398;44;3150;3437;3150;44
15.12.2022;21692870;21088668;392832;57;7833;7539;7833;57
13.06.2022;18379583;17798245;380076;56;2996;3684;2996;56
30.05.2020;396575;167469;4555;181;8952;8212;8952;181
21.04.2020;52763;3873;456;51;5642;427;5642;51
07.01.2023;21823855;21241865;394035;49;3303;4463;3303;49
24.07.2022;18532255;17938674;382155;37;7523;4812;7523;37
29.12.2022;21787172;21192592;393604;56;6146;7815;6146;56
26.05.2022;18310673;17713532;378700;91;4700;6455;4700;91
13.06.2020;520129;274641;6829;114;8706;5271;8706;114
28.05.2021;5044459;4661234;120406;404;9252;9385;9252;404
03.07.2020;667883;437893;9859;176;6718;8915;6718;176
14.06.2021;5222408;4809647;126801;371;13721;8312;13721;371
07.08.2020;877135;683592;14725;119;5241;7235;5241;119
30.11.2022;21590828;20997710;392002;59;6088;5557;6088;59
22.12.2021;10292983;9097521;300269;1020;25264;42322;25264;1020
30.09.2022;20985756;20040988;387269;106;37286;61225;37286;106
07.12.2021;9864845;8565091;283644;1182;31096;34615;31096;1182
21.07.2021;6030240;5404797;150705;783;23704;22584;23704;783
17.01.2021;3568209;2960431;65566;481;23586;23440;23586;481
27.08.2021;6844049;6112035;180041;798;19509;19217;19509;798
09.02.2021;3998216;3493886;77598;530;15019;21795;15019;530
04.08.2021;6356784;5679842;161715;790;22589;20096;22589;790
30.12.2020;3131550;2525418;56426;599;26513;29235;26513;599
13.08.2021;6557068;5848340;168864;815;22277;19368;22277;815
27.02.2021;4234720;3799406;85743;439;11534;16020;11534;439
08.11.2022;21472591;20868400;390712;63;4320;8123;4320;63
01.01.2022;10519733;9497063;309707;847;19751;33144;19751;847
22.10.2022;21364263;20708528;389449;90;9348;15035;9348;90
27.11.2021;9536825;8237465;271531;1239;33946;36494;33946;1239
01.08.2022;18612543;17981475;382469;36;10824;6077;10824;36
13.02.2022;14133509;11235859;340248;706;197949;101568;197949;706
23.09.2022;20694894;19652187;386551;104;53335;57625;53335;104
20.02.2022;15370419;12365238;345500;745;170699;147296;170699;745
03.11.2021;8633643;7445438;242060;1189;40443;32807;40443;1189
11.12.2020;2597711;2059840;45893;613;28585;26171;28585;613
19.09.2021;7274928;6498682;198218;793;20174;13418;20174;793
10.11.2020;1817109;1350741;31161;368;20977;15600;20977;368
12.10.2021;7832964;6894285;218345;973;28190;20706;28190;973
21.12.2020;2877727;2295362;51351;493;29350;19705;29350;493
11.10.2021;7804774;6873579;217372;957;29409;15460;29409;957
31.10.2020;1618116;1215414;27990;334;18140;14854;18140;334
15.08.2022;18907231;18151487;383178;53;25273;15410;25273;53
26.01.2022;11315801;10099937;328105;657;74692;28197;74692;657
09.09.2022;19960295;18977695;385165;96;52106;51086;52106;96
10.03.2022;17191300;15043717;358911;665;51231;148634;51231;665
11.11.2021;8952472;7687317;251691;1237;40759;33156;40759;1237
03.12.2020;2375546;1859851;41607;554;28145;29502;28145;554
11.09.2021;7121516;6375160;191961;796;18891;17888;18891;796
18.11.2020;1991998;1501083;34387;456;20985;25179;20985;456
09.08.2022;18746886;18061168;382846;60;16325;13092;16325;60
05.02.2022;12630047;10509688;334753;714;177282;60507;177282;714
15.09.2022;20265004;19244856;385727;99;56126;49752;56126;99
28.02.2022;16398036;13575652;351660;733;106920;116742;106920;733
23.08.2022;19181371;18337736;383686;69;30967;30869;30967;69
18.01.2022;10865512;9902935;322678;688;31252;24564;31252;688
01.09.2022;19578730;18635574;384441;95;49761;38940;49761;95
18.03.2022;17518699;16039709;363563;524;34442;105064;34442;524
20.10.2021;8094825;7065712;226353;1028;34073;25231;34073;1028
13.12.2020;2653928;2106235;46941;488;28080;20277;28080;488
03.10.2021;7586536;6725965;209918;890;25769;15391;25769;890
08.11.2020;1774334;1324419;30537;286;20498;11492;20498;286
13.07.2021;5833175;5236214;144492;780;24702;19566;24702;780
25.01.2021;3738690;3150763;69918;456;19290;19003;19290;456
04.09.2021;6993954;6255475;186407;796;18780;18737;18780;796
01.02.2021;3868087;3318173;73619;437;17648;18169;17648;437
22.11.2022;21545351;20954532;391568;59;4460;6444;4460;59
30.12.2021;10479344;9423227;307948;926;21073;43004;21073;926
08.10.2022;21184513;20385431;388097;106;20571;38289;20571;106
29.11.2021;9604233;8295811;273964;1209;33860;27700;33860;1209
31.10.2022;21429506;20803197;390175;71;5781;7073;5781;71
09.01.2022;10650849;9686912;316163;763;16246;20751;16246;763
30.10.2022;21423725;20796124;390104;75;6803;9008;6803;75
19.11.2021;9257068;7956254;261589;1254;37156;37004;37156;1254
27.07.2021;6172812;5526950;155380;779;23032;20116;23032;779
07.01.2021;3332142;2709452;60457;506;23541;23729;23541;506
21.08.2021;6726523;6004052;175282;797;21000;20647;21000;797
19.02.2021;4139031;3679949;82396;470;13433;18637;13433;470
13.05.2020;242271;48003;2212;96;10028;4491;10028;96
28.06.2022;18424105;17851282;381002;59;2541;3414;2541;59
07.12.2022;21635764;21037111;392400;58;6935;6794;6935;58
21.06.2022;18403427;17828837;380577;60;2500;3440;2500;60
22.05.2020;326448;99825;3249;150;8894;7144;8894;150
14.05.2021;4922901;4537634;115116;393;9462;9756;9462;393
05.07.2020;681251;450750;10161;134;6736;3871;6736;134
28.06.2021;5472941;4969340;133893;611;21650;12626;21650;611
05.08.2020;866627;669026;14490;139;5204;7555;5204;139
05.06.2021;5117274;4729077;123436;399;9145;8565;9145;399
25.06.2020;613994;375164;8605;92;7113;6342;7113;92
06.06.2021;5126437;4736446;123787;351;9163;7369;9163;351
15.08.2020;917884;729411;15617;119;5061;6447;5061;119
29.04.2020;99399;10286;972;108;5841;1830;5841;108
16.07.2022;18485632;17906326;381835;41;4698;2879;4698;41
21.12.2022;21735851;21131700;393166;59;7442;8359;7442;59
03.06.2022;18343964;17755194;379363;78;4188;5234;4188;78
05.06.2020;449834;212680;5528;144;8726;8057;8726;144
15.03.2020;63;3;0;0;4;3;4;0
14.04.2022;18041927;17321116;372766;254;11348;21853;11348;254
29.04.2022;18174991;17528963;375727;161;7710;11041;7710;161
14.03.2020;59;0;0;0;14;0;14;0
21.04.2021;4727125;4352873;106706;399;8271;9644;8271;399
04.10.2020;1215001;979143;21358;107;10499;3284;10499;107
15.03.2021;4400045;4003576;92494;404;9437;8447;9437;404
11.09.2020;1051874;868107;18365;102;5504;5734;5504;102
07.04.2021;4606162;4229480;101480;374;8294;9445;8294;374
22.10.2020;1463306;1107988;25242;290;15971;11428;15971;290
29.03.2021;4528543;4146408;98033;293;8711;7280;8711;293
24.08.2020;961493;773095;16448;65;4744;2456;4744;65
06.04.2020;6343;406;47;2;954;51;954;2
04.04.2022;17912157;16997877;369995;287;15291;32850;15291;287
09.05.2022;18232696;17609357;377049;103;5030;5959;5030;103
22.02.2021;4177330;3726388;83630;337;12604;12943;12604;337
10.08.2021;6491288;5788710;166442;792;21378;18729;21378;792
04.01.2021;3260138;2640036;58988;482;23351;21154;23351;482
07.08.2021;6424884;5739838;164094;793;22320;19485;22320;793
24.11.2021;9434393;8126376;267819;1240;33558;36682;33558;1240
17.10.2022;21314957;20618358;388993;92;10403;14513;10403;92
04.01.2022;10570212;9575147;312187;834;15903;27071;15903;834
13.11.2022;21499952;20901517;391024;60;5364;5072;5364;60
12.12.2021;10016896;8741355;289483;1132;29929;31391;29929;1132
03.10.2022;21073185;20175902;387559;91;24158;35294;24158;91
17.12.2021;10159389;8914225;295104;1080;27743;37437;27743;1080
27.11.2022;21574764;20982028;391840;51;5918;4174;5918;51
12.02.2021;4042837;3559142;79194;507;15089;20720;15089;507
01.09.2021;6937333;6199379;184014;790;18368;18325;18368;790
14.01.2021;3495816;2882044;63940;570;24763;27956;24763;570
16.07.2021;5907999;5300908;146868;799;25704;21932;25704;799
28.10.2020;1563976;1171301;26935;346;16202;12361;16202;346
06.10.2021;7662560;6778900;212625;929;25133;19841;25133;929
24.12.2020;2963688;2370857;53096;635;29935;26890;29935;635
17.10.2021;7992687;7000624;223312;997;34303;18717;34303;997
05.03.2022;16861793;14418916;355537;750;86769;155725;86769;750
06.09.2022;19809613;18823705;384882;95;38500;46304;38500;95
31.01.2022;11861077;10248281;331349;621;124070;30130;124070;621
18.08.2022;19000055;18216241;383362;62;35809;21491;35809;62
23.02.2022;15795570;12836228;347816;785;137642;179203;137642;785
28.09.2022;20909731;19921826;387054;111;40017;61515;40017;111
10.02.2022;13527845;10909397;338091;701;197076;106092;197076;701
27.07.2022;18554036;17953445;382272;36;9027;5115;9027;36
15.11.2020;1925825;1439985;33186;352;22572;14456;22572;352
22.09.2021;7333557;6542213;200625;817;19706;16102;19706;817
06.12.2020;2460770;1937738;43141;457;29039;21342;29039;457
31.10.2021;8513790;7358539;238538;1158;40993;27115;40993;1158
20.05.2022;18283706;17676801;378168;96;5089;6173;5089;96
24.03.2022;17690008;16483898;366220;418;25387;66476;25387;418
11.04.2020;13584;1045;106;12;1667;250;1667;12
06.09.2020;1025505;840949;17820;61;5195;2823;5195;61
24.03.2021;4483471;4098400;96219;401;8861;10355;8861;401
09.10.2020;1272238;1009421;22257;201;12126;7092;12126;201
12.04.2021;4649710;4272165;103263;277;8320;6656;8320;277
16.09.2020;1079519;890114;18917;132;5670;5809;5670;132
02.03.2021;4268215;3838040;86896;441;10565;14966;10565;441
29.09.2020;1167805;952399;20545;160;8232;6479;8232;160
04.05.2021;4839514;4457044;111535;337;7770;6755;7770;337
02.05.2022;18195608;17556220;376167;136;6207;7502;6207;136
11.04.2022;18007915;17239857;371964;248;11855;26755;11855;248
28.03.2020;1264;46;5;2;228;4;228;2
18.06.2020;561091;313963;7660;182;7790;9621;7790;182
31.05.2022;18331363;17739356;379117;88;3526;5486;3526;88
01.01.2023;21803547;21213085;393762;50;5038;5283;5038;50
19.07.2022;18499044;17915526;381960;44;4200;4186;4200;44
04.01.2023;21813839;21227998;393898;45;3328;4942;3328;45
16.04.2020;27938;2304;232;34;3448;318;3448;34
10.08.2020;892654;696681;15001;70;5118;3259;5118;70
19.06.2021;5299215;4861343;128911;466;17906;10684;17906;466
30.06.2020;647849;412650;9320;154;6693;9220;6693;154
23.05.2021;5001505;4617762;118482;357;8951;7297;8951;357
23.07.2020;795038;580330;12892;147;5848;8277;5848;147
03.07.2021;5585799;5053417;137262;697;24439;17899;24439;697
18.07.2020;765437;546863;12247;124;6234;7490;6234;124
09.05.2021;4880262;4496132;113326;334;8419;7517;8419;334
27.05.2020;370680;142208;3968;161;8338;11079;8338;161
10.06.2022;18369557;17786254;379883;70;3678;4332;3678;70
10.12.2022;21658056;21055866;392560;54;7397;6446;7397;54
09.07.2022;18458813;17886064;381544;45;3539;3086;3539;45
08.05.2020;187859;26608;1723;98;10699;2805;10699;98
05.05.2021;4847489;4464550;111895;360;7975;7506;7975;360
14.07.2020;739947;512825;11614;175;6248;8804;6248;175
07.07.2021;5682634;5121919;140041;725;23962;20067;23962;725
27.07.2020;818120;603329;13354;85;5635;3079;5635;85
05.07.2022;18445301;17873576;381354;48;2676;3612;2676;48
04.05.2020;145268;18095;1356;76;10581;1456;10581;76
31.05.2020;405843;171883;4693;138;9268;4414;9268;138
14.12.2022;21685037;21081129;392775;55;7532;7675;7532;55
14.06.2022;18382380;17801569;380137;61;2797;3324;2797;61
08.01.2023;21826982;21245559;394080;45;3127;3694;3127;45
23.07.2022;18524732;17933862;382118;38;6953;4803;6953;38
20.04.2020;47121;3446;405;44;4268;155;4268;44
14.06.2020;528964;280050;6948;119;8835;5409;8835;119
28.12.2022;21781026;21184777;393548;56;6202;8110;6202;56
27.05.2022;18315292;17719596;378784;84;4619;6064;4619;84
27.05.2021;5035207;4651849;120002;402;9039;9759;9039;402
04.07.2020;674515;446879;10027;168;6632;8986;6632;168
15.06.2021;5236593;4818244;127180;379;14185;8597;14185;379
06.08.2020;871894;676357;14606;116;5267;7331;5267;116
30.04.2021;4805288;4427946;110128;397;8731;8406;8731;397
25.09.2020;1136048;934146;20056;108;7212;4317;7212;108
06.03.2021;4312181;3900348;88726;441;11022;15027;11022;441
20.09.2020;1103399;909357;19418;79;6148;2895;6148;79
07.04.2022;17955120;17105946;370889;287;14355;35304;14355;287
24.03.2020;495;22;0;0;57;5;57;0
06.05.2022;18216719;17588067;376696;136;5541;9408;5541;136
28.03.2022;17783843;16689977;367686;335;21101;35746;21101;335
15.04.2020;24490;1986;198;28;3388;292;3388;28
16.05.2022;18264836;17652558;377759;89;4543;5379;4543;89
16.04.2021;4684148;4310557;104795;397;8995;9109;8995;397
13.10.2020;1326178;1031785;22966;244;13868;7550;13868;244
20.03.2021;4447570;4060652;94659;392;9632;11279;9632;392
02.09.2020;1005000;821169;17414;115;4952;5464;4952;115
31.07.2022;18601719;17975398;382433;38;12498;6056;12498;38
14.02.2022;14313965;11333044;340931;683;180456;97185;180456;683
24.09.2022;20746163;19710599;386662;111;51269;58412;51269;111
19.02.2022;15199720;12217942;344755;798;179147;191098;179147;798
04.11.2021;8673860;7477366;243255;1195;40217;31928;40217;1195
10.12.2020;2569126;2033669;45280;562;27927;25877;27927;562
18.09.2021;7254754;6485264;197425;799;20329;16247;20329;799
11.11.2020;1836960;1369357;31593;432;19851;18616;19851;432
13.10.2021;7861681;6916086;219329;984;28717;21801;28717;984
20.12.2020;2848377;2275657;50858;511;28948;20915;28948;511
10.10.2021;7775365;6858119;216415;962;28647;17274;28647;962
01.11.2020;1636781;1225673;28235;245;18665;10259;18665;245
14.08.2022;18881958;18136077;383125;54;28982;14942;28982;54
27.01.2022;11404617;10129691;328770;665;88816;29754;88816;665
10.09.2022;20013781;19023718;385262;97;53486;46023;53486;97
09.03.2022;17140069;14895083;358246;645;58675;92732;58675;645
01.12.2022;21597613;21003575;392060;58;6785;5865;6785;58
21.12.2021;10267719;9055199;299249;1027;25907;40219;25907;1027
29.09.2022;20948470;19979763;387163;109;38739;57937;38739;109
08.12.2021;9895597;8602067;284823;1179;30752;36976;30752;1179
20.07.2021;6006536;5382213;149922;784;23770;22218;23770;784
18.01.2021;3591066;2978764;66037;471;22857;18333;22857;471
28.08.2021;6863541;6131446;180840;799;19492;19411;19492;799
08.02.2021;3983197;3472091;77068;407;15916;15881;15916;407
03.08.2021;6334195;5659746;160925;788;22010;18963;22010;788
31.12.2020;3159297;2554340;57019;593;27747;28922;27747;593
14.08.2021;6579212;5867890;169683;819;22144;19550;22144;819
26.02.2021;4223186;3783386;85304;428;11086;15722;11086;428
09.11.2022;21477926;20876892;390774;62;5335;8492;5335;62
31.12.2021;10499982;9463919;308860;912;20638;40692;20638;912
21.10.2022;21354915;20693493;389359;93;9761;15672;9761;93
28.11.2021;9570373;8268111;272755;1224;33548;30646;33548;1224
28.08.2020;980405;798466;16914;110;4829;5905;4829;110
02.04.2021;4563056;4186251;99633;400;8792;9832;8792;400
18.10.2020;1399334;1070576;24187;185;15099;5377;15099;185
03.04.2021;4572077;4195869;100017;384;9021;9618;9021;384
13.05.2022;18250290;17633601;377464;105;4896;7257;4896;105
02.04.2020;3548;235;30;6;771;45;771;6
31.03.2022;17842925;16838787;368722;345;19277;50496;19277;345
25.04.2022;18144788;17483483;375061;159;7651;8855;7651;159
19.03.2020;199;5;0;0;52;0;52;0
18.04.2022;18084151;17390465;373713;213;9434;14324;9434;213
07.09.2020;1030690;843277;17871;51;5185;2328;5185;51
11.03.2021;4360823;3959533;90734;459;9270;14006;9270;459
08.10.2020;1260112;1002329;22056;191;11493;7054;11493;191
25.04.2021;4762569;4388008;108232;332;8780;7540;8780;332
19.08.2020;937321;749423;15989;117;4828;6795;4828;117
10.06.2021;5167949;4771995;125278;383;11699;10096;11699;383
21.06.2020;584680;339711;8111;109;7728;5119;7728;109
01.06.2021;5081417;4693579;121873;372;9500;8994;9500;372
07.06.2022;18358459;17772888;379657;73;3259;5135;3259;73
25.12.2022;21764292;21163398;393383;52;6595;6176;6595;52
09.06.2020;485253;242397;6142;171;8595;11709;8595;171
25.04.2020;74588;6250;681;66;5966;682;5966;66
12.07.2022;18468310;17894065;381669;48;3002;3209;3002;48
11.01.2023;21836969;21258733;394214;46;4201;5122;4201;46
17.06.2022;18391797;17815024;380333;63;3373;4228;3373;63
03.12.2022;21611003;21014391;392176;59;6669;5132;6669;59
18.05.2020;290678;70209;2722;91;8926;2836;8926;91
17.05.2020;281752;67373;2631;94;9709;4207;9709;94
02.07.2022;18436679;17865093;381216;51;3285;3488;3285;51
01.08.2020;845443;646524;14058;95;5462;8114;5462;95
24.06.2021;5388695;4915615;131463;568;20182;13505;20182;568
09.07.2020;707301;481316;10843;176;6509;8805;6509;176
18.05.2021;4957756;4572226;116575;364;8183;8972;8183;364
15.11.2021;9109094;7812287;256597;1211;38420;27702;38420;1211
26.10.2022;21394360;20751864;389790;80;7518;11517;7518;80
13.01.2022;10723305;9784348;319172;740;21155;25984;21155;740
04.11.2022;21453667;20841779;390459;71;6149;9259;6149;71
15.02.2021;4086090;3607036;80520;394;14207;13935;14207;394
17.08.2021;6642559;5918324;172110;805;20958;18407;20958;805
11.01.2021;3425269;2800675;62273;436;23315;21786;23315;436
31.07.2021;6265873;5608619;158563;792;23807;19771;23807;792
05.02.2021;3934606;3413495;75732;527;16688;23582;16688;527
08.09.2021;7065904;6320512;189582;797;18024;18262;18024;797
21.01.2021;3655839;3054218;67832;612;21887;26902;21887;612
09.07.2021;5733218;5165087;141501;726;25766;21832;25766;726
03.12.2021;9736037;8436631;278857;1217;32930;36514;32930;1217
12.10.2022;21248603;20500961;388509;105;15640;30409;15640;105
26.12.2021;10392020;9259771;304218;968;23721;37285;23721;968
18.11.2022;21525567;20932860;391333;60;5546;6888;5546;60
14.03.2022;17376241;15585650;361344;533;41055;105243;41055;533
28.08.2022;19405923;18495961;384083;83;46857;28223;46857;83
22.01.2022;11044986;10000577;325433;681;57212;25525;57212;681
27.08.2022;19359066;18467738;384000;90;47093;32642;47093;90
04.11.2020;1693454;1266931;29217;389;19768;15567;19768;389
29.09.2021;7487138;6653941;206388;857;22430;18456;22430;857
17.12.2020;2762668;2202540;49151;587;28214;26440;28214;587
24.10.2021;8241643;7165921;230600;1072;35660;22784;35660;1072
22.11.2020;2089329;1595443;36179;401;24581;18008;24581;401
15.09.2021;7194926;6435072;195041;792;18841;17039;18841;792
29.11.2020;2269316;1761457;39527;459;26683;21987;26683;459
07.11.2021;8795095;7561978;246814;1179;39165;26806;39165;1179
04.03.2022;16775024;14263191;354787;776;89174;160507;89174;776
19.09.2022;20488583;19425631;386136;91;49488;38595;49488;91
01.02.2022;11986913;10288582;332012;663;125836;40301;125836;663
05.08.2022;18672422;18019883;382651;47;18555;9817;18555;47